Name,URL,Address,City,Zip,State,Price,Bath,Bed,SquareFt
"14249 Burbank Boulevard Sherman Oaks, CA 91401",https://www.forsalebyowner.com/listing/_/647292b98b2f3108b4051314,14249 Burbank Boulevard,Sherman Oaks,91401,CA,1697000,7,7,0
"24303 Woolsey Cyn #6, Canoga Park, CA 91304 Canoga Park, CA 91304",https://www.forsalebyowner.com/listing/_/6365ca3460ad2b37ba0f0700,"24303 Woolsey Cyn #6, Canoga Park, CA 91304",Canoga Park,91304,CA,159900,2,3,1142
"12600 Van Nuys Blvd SPACE 76, Pacoima, CA 91331 Paicoma, CA 91331",https://www.forsalebyowner.com/listing/_/646fc0615e02454e1402036a,"12600 Van Nuys Blvd SPACE 76, Pacoima, CA 91331",Paicoma,91331,CA,199777,2,3,1040
"10799 Sherman Grove Ave SPACE 1, Sunland, CA 91040 Sunland, CA 91040",https://www.forsalebyowner.com/listing/_/646fb7b5b1c2cbcea6029a0b,"10799 Sherman Grove Ave SPACE 1, Sunland, CA 91040",Sunland,91040,CA,180000,2,3,700
"15486 Jonfin St #54, Mission Hills, CA 91345 Mission Hills, CA 91345",https://www.forsalebyowner.com/listing/_/646fb341df296ac1db009a8c,"15486 Jonfin St #54, Mission Hills, CA 91345",Mission Hills,91345,CA,180000,2,2,0
"7650 Balboa Blvd SPACE 139, Van Nuys, CA 91406 Van Nuys, CA 91406",https://www.forsalebyowner.com/listing/_/646f9091b1c2cbcea6029a0a,"7650 Balboa Blvd SPACE 139, Van Nuys, CA 91406",Van Nuys,91406,CA,150000,2,2,800
"13691 Gavina Ave UNIT 480, Sylmar, CA 91342 Sylmar, CA 91342",https://www.forsalebyowner.com/listing/_/62f648bc81c2f0cb130b254c,"13691 Gavina Ave UNIT 480, Sylmar, CA 91342",Sylmar,91342,CA,299900,2,3,1624
"37857 Avenida de Diego Palmdale, CA 93552",https://www.forsalebyowner.com/listing/_/6466bcb99af759b160056bff,37857 Avenida de Diego,Palmdale,93552,CA,500000,2,3,1851
"3930 Olmsted Avenue Los Angeles, CA 90008",https://www.forsalebyowner.com/listing/_/6466b101e5e6c9815c0c52f8,3930 Olmsted Avenue,Los Angeles,90008,CA,999000,2,3,1468
"1311 West Martin Luther King Junior Boulevard Los Angeles, CA 90037",https://www.forsalebyowner.com/listing/_/606b8cd830ac0778cb0fc775,1311 West Martin Luther King Junior Boulevard,Los Angeles,90037,CA,1700000,7,12,5564
"95th St E Avenue I Lancaster, CA 93535",https://www.forsalebyowner.com/listing/_/644af5157f3582179b0bba72,95th St E Avenue I,Lancaster,93535,CA,19950,0,0,54450
"3620 Montalvo St Los Angeles, CA 90065",https://www.forsalebyowner.com/listing/_/6441cc65a0d1c06aed0b0ae2,3620 Montalvo St,Los Angeles,90065,CA,489500,0,0,9850
"13644 Danbrook Drive Whittier, CA 90605",https://www.forsalebyowner.com/listing/_/6441aea1b93ac3b91d0d79e1,13644 Danbrook Drive,Whittier,90605,CA,799000,2.5,4,1141
"2601e ocean blvd, long beach, CA 90803",https://www.forsalebyowner.com/listing/_/64402f6db93ac3b91d0d79db,"2601e ocean blvd,",long beach,90803,CA,1360000,2,2,1356
"1807 Valley Park Avenue Hermosa Beach, CA 90254",https://www.forsalebyowner.com/listing/_/6423ce0953d606ad4f00f185,1807 Valley Park Avenue,Hermosa Beach,90254,CA,850000,1,1,531
"13147 Mercer Street Pacoima, CA 91343",https://www.forsalebyowner.com/listing/_/640562385aa7d3144d031a50,13147 Mercer Street,Pacoima,91343,CA,649000,1,2,1297
"2030 East Stockwell Street Compton, CA 90222",https://www.forsalebyowner.com/listing/_/640502207a1f153bed02d3cc,2030 East Stockwell Street,Compton,90222,CA,425000,1,1,4460
"LAKEVIEW DR/CAMARES DR Palmdale, CA 93551",https://www.forsalebyowner.com/listing/_/64020125a24226fdb90c85c7,LAKEVIEW DR/CAMARES DR,Palmdale,93551,CA,105000,0,0,0
"11434 Walnut Street Whittier, CA 90606",https://www.forsalebyowner.com/listing/_/63e058945a179708fc03c4c8,11434 Walnut Street,Whittier,90606,CA,830000,2,4,7177
"42623 28th Street West Lancaster, CA 93536",https://www.forsalebyowner.com/listing/_/63d162a9f67c450f48091d56,42623 28th Street West,Lancaster,93536,CA,425000,2,3,1308
"57 7th Street Hermosa Beach, CA 90254",https://www.forsalebyowner.com/listing/_/63c3020959d12bfb1607c304,57 7th Street,Hermosa Beach,90254,CA,7500000,6,4,4247
"7779 Varna Ave North Hollywood, CA 91605",https://www.forsalebyowner.com/listing/_/63bfeb41edeff74a8009d916,7779 Varna Ave,North Hollywood,91605,CA,1099000,0,0,15695
"750 S Bundy Dr Los Angeles, CA 90049",https://www.forsalebyowner.com/listing/_/6398d11955bf0210c70406b6,750 S Bundy Dr,Los Angeles,90049,CA,1295000,2.5,2,1785
"645 Lakeview Drive Palmdale, CA 93551",https://www.forsalebyowner.com/listing/_/6378a12c8c1a2999ee0738e7,645 Lakeview Drive,Palmdale,93551,CA,950000,3.5,5,3970
"Ashtree Drive, Lake Hughes, CA 93532 Lake Hughes, CA 93532",https://www.forsalebyowner.com/listing/_/6376c2d0bbde01207e040ae8,"Ashtree Drive, Lake Hughes, CA 93532",Lake Hughes,93532,CA,25000,0,0,0
"11038 Rhodesia Avenue Los Angeles, CA 91040",https://www.forsalebyowner.com/listing/_/63704681ceec99007c0e1f18,11038 Rhodesia Avenue,Los Angeles,91040,CA,9091600,2.5,3,7883
"5813 East Olympic Boulevard East Los Angeles, CA 90022",https://www.forsalebyowner.com/listing/_/6369c5f8898c707e55094be6,5813 East Olympic Boulevard,East Los Angeles,90022,CA,470000,2,2,880
"3562 Alana Dr. Sherman Oaks, CA 91403",https://www.forsalebyowner.com/listing/_/636580601b53691fc1010ef8,3562 Alana Dr.,Sherman Oaks,91403,CA,2399000,4,4,2835
"2.42 Acres in Llano Llano, CA 93544",https://www.forsalebyowner.com/listing/_/6362569d4c0dbb6df608d3d5,2.42 Acres in Llano,Llano,93544,CA,13499,0,0,0
"2.41 Acre in Lancaster Lancaster, CA 93535",https://www.forsalebyowner.com/listing/_/636183e8794442c59403a1d5,2.41 Acre in Lancaster,Lancaster,93535,CA,17999,0,0,0
"2.57 Acres in Lancaster Lancaster, CA 93535",https://www.forsalebyowner.com/listing/_/63617ce190c357a45001c688,2.57 Acres in Lancaster,Lancaster,93535,CA,15999,0,0,0
"2.54 Acres in Lancaster Lancaster, CA 93535",https://www.forsalebyowner.com/listing/_/63617704103422599e08ffab,2.54 Acres in Lancaster,Lancaster,93535,CA,13999,0,0,0
"2.47 Acres in Llano Llano, CA 93544",https://www.forsalebyowner.com/listing/_/636173bd0f0022ad030b2a8f,2.47 Acres in Llano,Llano,93544,CA,11999,0,0,0
"2.54 Acres in Llano Llano, CA 93544",https://www.forsalebyowner.com/listing/_/63616a98987a5df8d500c69a,2.54 Acres in Llano,Llano,93544,CA,12999,0,0,0
"2.16 Acres in Llano Llano, CA 93544",https://www.forsalebyowner.com/listing/_/63616318267cbb31f409d418,2.16 Acres in Llano,Llano,93544,CA,19999,0,0,0
"2.53 Acres in Lancaster Lancaster, CA 93535",https://www.forsalebyowner.com/listing/_/636153dc987a5df8d500c699,2.53 Acres in Lancaster,Lancaster,93535,CA,9999,0,0,0
"2379 Evergreen Lane Pomona, AK 91766",https://www.forsalebyowner.com/listing/_/635362540ce045b05d0b385f,2379 Evergreen Lane,Pomona,91766,AK,78590570,0,1,332320
"202 Standish Street Monrovia, CA 91016",https://www.forsalebyowner.com/listing/_/6345dbe8cbe5327ef00b7498,202 Standish Street,Monrovia,91016,CA,1080000,2,3,1374
"Los Angeles, Ca.  93535 Los Angeles, CA 93535",https://www.forsalebyowner.com/listing/_/6345badccf34d7ad06015636,"Los Angeles, Ca.  93535",Los Angeles,93535,CA,7500,0,0,0
"1140 East Ocean Boulevard Long Beach, CA 90802",https://www.forsalebyowner.com/listing/_/633d50b91a09c1fad205dcc5,1140 East Ocean Boulevard,Long Beach,90802,CA,575000,1,1,690
"Lake Hughes, Ca. 93532 Lake Hughes, CA 93532",https://www.forsalebyowner.com/listing/_/633caac8e99f5e07b80a7887,"Lake Hughes, Ca. 93532",Lake Hughes,93532,CA,17000,0,0,0
"RANCHO PALOS VERDES CA 90275 RANCHO PALOS VERDES, CA 90275",https://www.forsalebyowner.com/listing/_/6338c18910fa31db6b063fc4,RANCHO PALOS VERDES CA 90275,RANCHO PALOS VERDES,90275,CA,43000,0,0,0
"1010 College View dr Monterey Park, CA 91754",https://www.forsalebyowner.com/listing/_/6335efe589df1b1e6d006c2a,1010 College View dr,Monterey Park,91754,CA,1800000,6,10,8724
"4050 Camino De La Cumbre Sherman Oaks, CA 91423",https://www.forsalebyowner.com/listing/_/6335edc8a3d688cf9801ce26,4050 Camino De La Cumbre,Sherman Oaks,91423,CA,2100000,5,4,9966
"7912 Ventura Canyon Avenue Los Angeles, CA 91402",https://www.forsalebyowner.com/listing/_/6335eb35350ee0345300d5f7,7912 Ventura Canyon Avenue,Los Angeles,91402,CA,1100000,1,2,18794
"40324 167th Street E Palmdale, CA 93591",https://www.forsalebyowner.com/listing/_/63351cb9e2fe9f03d30fc58d,40324 167th Street E,Palmdale,93591,CA,439990,2,3,1506
"1703 Hill Drive South Pasadena, CA 91030",https://www.forsalebyowner.com/listing/_/632e174c487aab18bb02ccc6,1703 Hill Drive,South Pasadena,91030,CA,2889000,3.5,4,3355
"14200 Polk St Sylmar, CA 91342",https://www.forsalebyowner.com/listing/_/63282ee0c31709503b0de0e4,14200 Polk St,Sylmar,91342,CA,560000,2,2,1009
"0 East Avenue H Lancaster, CA 93535",https://www.forsalebyowner.com/listing/_/632537bc0fa4e94d2002f899,0 East Avenue H,Lancaster,93535,CA,9900,0,0,0
"2121 James m wood blvd Los Angeles, CA 90006",https://www.forsalebyowner.com/listing/_/631d75e18481e555300fecaa,2121 James m wood blvd,Los Angeles,90006,CA,285000,1,0,300
"531 Pier Ave Hermosa Beach, CA 90254",https://www.forsalebyowner.com/listing/_/6306b9697a72cbd78b06479a,531 Pier Ave,Hermosa Beach,90254,CA,648999,1,2,800
"8347 sedan ave West Hills, CA 91304",https://www.forsalebyowner.com/listing/_/6301cbc4cdfdc451b9074a09,8347 sedan ave,West Hills,91304,CA,829900,2,4,6390
"28901 Selfridge Drive Malibu, CA 90265",https://www.forsalebyowner.com/listing/_/62faa4212cb5e75b2a065919,28901 Selfridge Drive,Malibu,90265,CA,4750000,0,0,0
"2856 Eva Terrace Los Angeles, CA 90031",https://www.forsalebyowner.com/listing/_/62e8b29c2f9119dbb805e209,2856 Eva Terrace,Los Angeles,90031,CA,99000,0,0,14907
"17503 Jeffrey Ave. Cerritos, CA 90703",https://www.forsalebyowner.com/listing/_/62dc17446248445a48037af5,17503 Jeffrey Ave.,Cerritos,90703,CA,1299900,3,4,5564
"24200 Walnut Street Torrance, CA 90501",https://www.forsalebyowner.com/listing/_/62c87c20eb5d6e44a10e1207,24200 Walnut Street,Torrance,90501,CA,245000,2,3,1600
"18822 renault st la puente, CA 91744",https://www.forsalebyowner.com/listing/_/629e79d51215be62df489eeb,18822 renault st,la puente,91744,CA,775000,2,3,6057
"248 S Doheny Drive #3 Beverly Hills, CA 90211",https://www.forsalebyowner.com/listing/_/627f97a8e5d95b5c924f20ed,248 S Doheny Drive #3,Beverly Hills,90211,CA,899000,2,2,1074
"7843 South Hobart Boulevard Los Angeles, CA 90047",https://www.forsalebyowner.com/listing/_/6273f7547a7b6f6b6b71e75b,7843 South Hobart Boulevard,Los Angeles,90047,CA,735000,2,3,5200
"10707 New Haven St UNIT 38 Sun Valley, CA 91352",https://www.forsalebyowner.com/listing/_/625f9c01c7deb07f2278f290,10707 New Haven St UNIT 38,Sun Valley,91352,CA,400000,2,2,0
"1620 Avenida Loma Vista San Dimas, CA 91773",https://www.forsalebyowner.com/listing/_/625208ec0dcae5554171d8fd,1620 Avenida Loma Vista,San Dimas,91773,CA,1100000,2.5,4,7448
"4908 North Vecino Drive Covina, CA 91722",https://www.forsalebyowner.com/listing/_/6250d65c07e74330236d703b,4908 North Vecino Drive,Covina,91722,CA,1100,1,1,0
"5930 Seville Ave Huntington Park, CA 90255",https://www.forsalebyowner.com/listing/_/6249ad8c30e0c6106936a5b9,5930 Seville Ave,Huntington Park,90255,CA,390000,2,3,1238
"29601 Parkglen Place Santa Clarita, CA 91387",https://www.forsalebyowner.com/listing/_/623a5d64b7f02e6da20c063f,29601 Parkglen Place,Santa Clarita,91387,CA,760000,2,3,1281
"20375 Julliard Drive Walnut, CA 91789",https://www.forsalebyowner.com/listing/_/62375254e1a8d03cea20fb8f,20375 Julliard Drive,Walnut,91789,CA,1020000,2,4,1620
"1718 Richard St, Pomona, CA 91767 Pomona, CA 91767",https://www.forsalebyowner.com/listing/_/6044710c158d0023e77f0f19,"1718 Richard St, Pomona, CA 91767",Pomona,91767,CA,680000,2,4,7455
"305 and 307 North Venice Boulevard Los Angeles, CA 90291",https://www.forsalebyowner.com/listing/_/622ebfa4ee4e040f803ce897,305 and 307 North Venice Boulevard,Los Angeles,90291,CA,2500000,4,4,1800
"611 Ridgeview Ct Diamond Bar, CA 91765",https://www.forsalebyowner.com/listing/_/62265ee040b84330065ba3a4,611 Ridgeview Ct,Diamond Bar,91765,CA,2000000,4,6,4241
"1318 murchison ave pomona, CA 91768",https://www.forsalebyowner.com/listing/_/5f7298a9ea22ed2788758009,1318 murchison ave,pomona,91768,CA,700000,2,3,1616
"27318 Great Divide Lane Valencia, CA 91381",https://www.forsalebyowner.com/listing/_/6472c57dd53b92944a00eaf4,27318 Great Divide Lane,Valencia,91381,CA,899990,3.5,4,
"27314 Great Divide Lane Valencia, CA 91381",https://www.forsalebyowner.com/listing/_/6472c57c0da893e1420d5514,27314 Great Divide Lane,Valencia,91381,CA,814990,2.5,3,
"1218 Poppy Court Montebello, CA 90640",https://www.forsalebyowner.com/listing/_/6472c57b74a63b70880b3f76,1218 Poppy Court,Montebello,90640,CA,1017990,3.5,4,
"1258 Poppy Court Montebello, CA 90640",https://www.forsalebyowner.com/listing/_/6472c57c00e98d8eb30aab56,1258 Poppy Court,Montebello,90640,CA,1060990,3.5,4,
"2051 Moonlit Marsh Upland, CA 91786",https://www.forsalebyowner.com/listing/_/6471741f24b9da82550b4275,2051 Moonlit Marsh,Upland,91786,CA,696100,2.5,3,
"2058 Moonlit Marsh Upland, CA 91786",https://www.forsalebyowner.com/listing/_/6471741d706dc15f550d6fda,2058 Moonlit Marsh,Upland,91786,CA,696600,2.5,3,
"1254 Bonnet Way Torrance, CA 90502",https://www.forsalebyowner.com/listing/_/64702fb83b47bbe9640bd764,1254 Bonnet Way,Torrance,90502,CA,957429,3.5,4,
"1242 Bonnet Way Torrance, CA 90502",https://www.forsalebyowner.com/listing/_/64702fb74b77a8d1da0c22e6,1242 Bonnet Way,Torrance,90502,CA,892147,3.5,4,
"28338 Old Springs Road Castaic, CA 91384",https://www.forsalebyowner.com/listing/_/64702c348a5f0d5d0c08f556,28338 Old Springs Road,Castaic,91384,CA,1754094,4,4,
"2901 Fisk Lane Redondo Beach, CA 90278",https://www.forsalebyowner.com/listing/_/646ed1bf6d18a725e606dba4,2901 Fisk Lane,Redondo Beach,90278,CA,1404635,2.5,3,
"21556 Canyon Cove Chatsworth, CA 91311",https://www.forsalebyowner.com/listing/_/646d884437df326d110c6705,21556 Canyon Cove,Chatsworth,91311,CA,1763390,5.5,5,
"27356 Snow Creek Place Valencia, CA 91381",https://www.forsalebyowner.com/listing/_/64698af1f642e0893701ff04,27356 Snow Creek Place,Valencia,91381,CA,879990,3.5,4,
"27356 Snow Creek Place Valencia, CA 91381",https://www.forsalebyowner.com/listing/_/64698af0ba3ce42c0308d094,27356 Snow Creek Place,Valencia,91381,CA,869990,2.5,4,
"27356 Snow Creek Place Valencia, CA 91381",https://www.forsalebyowner.com/listing/_/64698aef73cf37297103b8a5,27356 Snow Creek Place,Valencia,91381,CA,799990,2.5,3,
"27321 Great Divide Lane Valencia, CA 91381",https://www.forsalebyowner.com/listing/_/64698af0fdaaf6d35c0f0244,27321 Great Divide Lane,Valencia,91381,CA,832990,2.5,4,
"27313 Great Divide Lane Valencia, CA 91381",https://www.forsalebyowner.com/listing/_/64698aee80395564200e7694,27313 Great Divide Lane,Valencia,91381,CA,829990,2.5,4,
"27627 S. Siena Dr. San Pedro, CA 90732",https://www.forsalebyowner.com/listing/_/646847a6b4234fbb2e02f775,27627 S. Siena Dr.,San Pedro,90732,CA,1337798,3,4,
"21302 Rockview Terrace Chatsworth, CA 91311",https://www.forsalebyowner.com/listing/_/6468449c1536f39fef00e898,21302 Rockview Terrace,Chatsworth,91311,CA,1812558,5.5,5,
"28814 Saddle Circle Castaic, CA 91384",https://www.forsalebyowner.com/listing/_/64684424cea94383e702dbeb,28814 Saddle Circle,Castaic,91384,CA,950585,2,4,
"1818 Canyon Oaks Lane San Dimas, CA 91773",https://www.forsalebyowner.com/listing/_/64605c16bb165c106103a7ec,1818 Canyon Oaks Lane,San Dimas,91773,CA,4600000,4.5,4,
"1807 Canyon Oaks Lane San Dimas, CA 91773",https://www.forsalebyowner.com/listing/_/64605c150e91f81fa00b895e,1807 Canyon Oaks Lane,San Dimas,91773,CA,4100000,5.5,5,
"1815 Canyon Oaks Lane San Dimas, CA 91773",https://www.forsalebyowner.com/listing/_/64605c14c460abe6b1056cf2,1815 Canyon Oaks Lane,San Dimas,91773,CA,4120000,5.5,5,
"512 Tamarind Way, Unit C West Covina, CA 91791",https://www.forsalebyowner.com/listing/_/646050a1d1db69797605ee27,"512 Tamarind Way, Unit C",West Covina,91791,CA,664990,2.5,2,
"512 Tamarind Way, Unit D West Covina, CA 91791",https://www.forsalebyowner.com/listing/_/646050a08ba9d5181008ae95,"512 Tamarind Way, Unit D",West Covina,91791,CA,664990,2.5,2,
"27632 Ensemble Pl. Valencia, CA 91355",https://www.forsalebyowner.com/listing/_/645f0b80901195270109db8f,27632 Ensemble Pl.,Valencia,91355,CA,778990,2.5,3,
"27332 Encore Way Valencia, CA 91355",https://www.forsalebyowner.com/listing/_/645f0b831da3ad7189008a0d,27332 Encore Way,Valencia,91355,CA,1187875,3.5,4,
"27162 Valley Oak Pl. Valencia, CA 91355",https://www.forsalebyowner.com/listing/_/645f0b4a750fc3ba720233f4,27162 Valley Oak Pl.,Valencia,91355,CA,686206,3,4,
"27317 Encore Way Valencia, CA 91355",https://www.forsalebyowner.com/listing/_/645dba06f5fac2175a01af2e,27317 Encore Way,Valencia,91355,CA,1208308,3.5,4,
"11719 Toyon Drive Chatsworth, CA 91311",https://www.forsalebyowner.com/listing/_/645db67e52058cfd4602cca5,11719 Toyon Drive,Chatsworth,91311,CA,1879256,5.5,5,
"17814 Top Court Santa Clarita, CA 91350",https://www.forsalebyowner.com/listing/_/64571e11d4162a8c8b021244,17814 Top Court,Santa Clarita,91350,CA,842156,2,2,
"6105 W. Avenue J-9 Lancaster, CA 93536",https://www.forsalebyowner.com/listing/_/6457169b7f679eb5ce067ba6,6105 W. Avenue J-9,Lancaster,93536,CA,613996,3,4,
"6115 W. Avenue J-9 Lancaster, CA 93536",https://www.forsalebyowner.com/listing/_/6457169b2de4b1866c0d2134,6115 W. Avenue J-9,Lancaster,93536,CA,611058,3,4,
"14318 Claro Way Gardena, CA 90249",https://www.forsalebyowner.com/listing/_/6455d012426b1ae84302e23c,14318 Claro Way,Gardena,90249,CA,744990,3.5,3,
"1198 Poppy Court Montebello, CA 90640",https://www.forsalebyowner.com/listing/_/6455c4545d3d100d29097e14,1198 Poppy Court,Montebello,90640,CA,1055990,3.5,4,
"1208 Poppy Court Montebello, CA 90640",https://www.forsalebyowner.com/listing/_/6455c452496e5bf26a04e804,1208 Poppy Court,Montebello,90640,CA,1012990,3.5,4,
"511 Colby Cir Claremont, CA 91711",https://www.forsalebyowner.com/listing/_/6454774d4c964751e40b3a84,511 Colby Cir,Claremont,91711,CA,939990,2.5,3,
"1679 W Lexington Lane San Pedro, CA 90732",https://www.forsalebyowner.com/listing/_/644c8c5752ca1139df09cfda,1679 W Lexington Lane,San Pedro,90732,CA,889410,2.5,3,
"510 Tamarind Way, Unit C West Covina, CA 91791",https://www.forsalebyowner.com/listing/_/644c8a0142209fc917002ca4,"510 Tamarind Way, Unit C",West Covina,91791,CA,652990,2.5,2,
"20509 Overlook Ct Porter Ranch, CA 91326",https://www.forsalebyowner.com/listing/_/644b435c92e7917ce9099258,20509 Overlook Ct,Porter Ranch,91326,CA,2485995,4.5,5,
"20550 Overlook Ct Porter Ranch, CA 91326",https://www.forsalebyowner.com/listing/_/644b435c65b6780b200142a6,20550 Overlook Ct,Porter Ranch,91326,CA,2499995,4.5,5,
"20531 Overlook Ct Porter Ranch, CA 91326",https://www.forsalebyowner.com/listing/_/644b435c65b6780b200142a7,20531 Overlook Ct,Porter Ranch,91326,CA,2352995,4.5,5,
"10931 Bee Canyon Road Chatsworth, CA 91311",https://www.forsalebyowner.com/listing/_/6449eeb57ffa573c400e6374,10931 Bee Canyon Road,Chatsworth,91311,CA,3499990,5.5,5,
"27515 Dayton Ave. San Pedro, CA 90732",https://www.forsalebyowner.com/listing/_/6444ac1a2d80069ef40c6676,27515 Dayton Ave.,San Pedro,90732,CA,1501603,3,5,
"Canoga Ave and Deerlake Ranch Road Chatsworth, CA 91311",https://www.forsalebyowner.com/listing/_/6444a80f80bae43c89038454,Canoga Ave and Deerlake Ranch Road,Chatsworth,91311,CA,1681990,5.5,5,
"Canoga Ave and Deerlake Ranch Road Chatsworth, CA 91311",https://www.forsalebyowner.com/listing/_/6444a80defee1857d10973f4,Canoga Ave and Deerlake Ranch Road,Chatsworth,91311,CA,1756990,5.5,5,
"Canoga Ave and Deerlake Ranch Road Chatsworth, CA 91311",https://www.forsalebyowner.com/listing/_/6444a80c356ea46dd2058144,Canoga Ave and Deerlake Ranch Road,Chatsworth,91311,CA,1615990,4.5,4,
"21150 Poema Place Chatsworth, CA 91311",https://www.forsalebyowner.com/listing/_/6444a80d7db3cec228019464,21150 Poema Place,Chatsworth,91311,CA,1464990,5.5,5,
"21150 Poema Place Chatsworth, CA 91311",https://www.forsalebyowner.com/listing/_/6444a80e356ea46dd2058145,21150 Poema Place,Chatsworth,91311,CA,1514990,5.5,5,
"21150 Poema Place Chatsworth, CA 91311",https://www.forsalebyowner.com/listing/_/6444a80dfb27996c910b5564,21150 Poema Place,Chatsworth,91311,CA,1414990,4.5,4,
"27635 Dayton Ave. San Pedro, CA 90732",https://www.forsalebyowner.com/listing/_/64435c037dce2425b7095010,27635 Dayton Ave.,San Pedro,90732,CA,1313019,3,4,
"27520 Dayton Ave. San Pedro, CA 90732",https://www.forsalebyowner.com/listing/_/64435c023f691a6ded0968f4,27520 Dayton Ave.,San Pedro,90732,CA,1464702,3,5,
"1633 Rosewell Road West Covina, CA 91791",https://www.forsalebyowner.com/listing/_/643a14f04c21951ca6043865,1633 Rosewell Road,West Covina,91791,CA,814990,2.5,3,
"1228 Poppy Court Montebello, CA 90640",https://www.forsalebyowner.com/listing/_/643a14dc75a059872e098186,1228 Poppy Court,Montebello,90640,CA,1119990,3.5,4,
"8719 West Lynn Way Lancaster, CA 93536",https://www.forsalebyowner.com/listing/_/6438c682c4c87fa8030562c4,8719 West Lynn Way,Lancaster,93536,CA,539990,2,3,
"28505 Sunny Ridge Terrace Castaic, CA 91384",https://www.forsalebyowner.com/listing/_/6430e06a201a6db5f6058504,28505 Sunny Ridge Terrace,Castaic,91384,CA,1340005,4,5,
"28524 Sunny Ridge Terrace Castaic, CA 91384",https://www.forsalebyowner.com/listing/_/6430e0694f1686ea920f53a4,28524 Sunny Ridge Terrace,Castaic,91384,CA,1276940,3,4,
"28523 Sunny Ridge Terrace Castaic, CA 91384",https://www.forsalebyowner.com/listing/_/642e3ede3ecde3c183037364,28523 Sunny Ridge Terrace,Castaic,91384,CA,1184420,4,4,
"6706 N Royce Lane Van Nuys, CA 91411",https://www.forsalebyowner.com/listing/_/641fbe5cfde8e3530a005b77,6706 N Royce Lane,Van Nuys,91411,CA,921500,3.5,4,
"6708 N Royce Lane Van Nuys, CA 91411",https://www.forsalebyowner.com/listing/_/641fbe5e6dfdb856a00b9104,6708 N Royce Lane,Van Nuys,91411,CA,911500,3.5,4,
"6712 N Royce Lane Van Nuys, CA 91411",https://www.forsalebyowner.com/listing/_/641fbe5cfde8e3530a005b78,6712 N Royce Lane,Van Nuys,91411,CA,911500,3.5,4,
"6718 N Royce Lane Van Nuys, CA 91411",https://www.forsalebyowner.com/listing/_/641fbe5cfde8e3530a005b79,6718 N Royce Lane,Van Nuys,91411,CA,921500,3.5,4,
"6722 N Royce Lane Van Nuys, CA 91411",https://www.forsalebyowner.com/listing/_/641fbe5cbbe810f7ca007ed4,6722 N Royce Lane,Van Nuys,91411,CA,911500,3.5,4,
"15316 W Archwood St Van Nuys, CA 91411",https://www.forsalebyowner.com/listing/_/641fbe606f9586e8b10d8464,15316 W Archwood St,Van Nuys,91411,CA,939500,3.5,4,
"15311 W Lemay St Van Nuys, CA 91411",https://www.forsalebyowner.com/listing/_/641fbe5fca87c8b7180b6904,15311 W Lemay St,Van Nuys,91411,CA,905000,3.5,4,
"6707 N Galie Drive Van Nuys, CA 91411",https://www.forsalebyowner.com/listing/_/641fbe5cfde8e3530a005b76,6707 N Galie Drive,Van Nuys,91411,CA,876500,3.5,4,
"6715 N Galie Drive Van Nuys, CA 91411",https://www.forsalebyowner.com/listing/_/641fbe5cfde8e3530a005b7a,6715 N Galie Drive,Van Nuys,91411,CA,886500,3.5,4,
"6719 N Galie Drive Van Nuys, CA 91411",https://www.forsalebyowner.com/listing/_/641fbe5cfde8e3530a005b7b,6719 N Galie Drive,Van Nuys,91411,CA,876500,3.5,4,
"6721 N Galie Drive Van Nuys, CA 91411",https://www.forsalebyowner.com/listing/_/641fbe615f811b7d2000cf04,6721 N Galie Drive,Van Nuys,91411,CA,876500,3.5,4,
"6707 N Sepulveda Blvd Van Nuys, CA 91411",https://www.forsalebyowner.com/listing/_/641fbe5cfde8e3530a005b7d,6707 N Sepulveda Blvd,Van Nuys,91411,CA,851500,3.5,4,
"6711 N Sepulveda Blvd Van Nuys, CA 91411",https://www.forsalebyowner.com/listing/_/641fbe5defec0268800766c4,6711 N Sepulveda Blvd,Van Nuys,91411,CA,885500,3.5,4,
"6715 N Sepulveda Blvd Van Nuys, CA 91411",https://www.forsalebyowner.com/listing/_/641fbe5dfde8e3530a005b80,6715 N Sepulveda Blvd,Van Nuys,91411,CA,871500,3.5,4,
"6719 N Sepulveda Blvd Van Nuys, CA 91411",https://www.forsalebyowner.com/listing/_/641fbe5dfde8e3530a005b7f,6719 N Sepulveda Blvd,Van Nuys,91411,CA,851500,3.5,4,
"28514 Sunny Ridge Terrace Castaic, CA 91384",https://www.forsalebyowner.com/listing/_/641fbcde00d8d19b180dfde5,28514 Sunny Ridge Terrace,Castaic,91384,CA,1188459,3,4,
"28838 Saddle Circle Castaic, CA 91384",https://www.forsalebyowner.com/listing/_/641fbcdd6b29cec4f903e354,28838 Saddle Circle,Castaic,91384,CA,962860,2,3,
"2901 Fisk Lane Redondo Beach, CA 90278",https://www.forsalebyowner.com/listing/_/641d14c335c9a3f76b024434,2901 Fisk Lane,Redondo Beach,90278,CA,1233632,2.5,2,
"2901 Fisk Lane Redondo Beach, CA 90278",https://www.forsalebyowner.com/listing/_/641d14c3915b20a8780f41e4,2901 Fisk Lane,Redondo Beach,90278,CA,1364787,3,4,
"Coming Soon West Covina, CA 91790",https://www.forsalebyowner.com/listing/_/641a730e57f045f54b09b3e4,Coming Soon,West Covina,91790,CA,703000,3,3,
"Coming Soon West Covina, CA 91790",https://www.forsalebyowner.com/listing/_/641a730d72f30770630e9544,Coming Soon,West Covina,91790,CA,643000,3,3,
"1692 W Lexington Lane San Pedro, CA 90732",https://www.forsalebyowner.com/listing/_/64128a41bd52b567770aa589,1692 W Lexington Lane,San Pedro,90732,CA,949740,3.5,4,
"528 E. Grove Pomona, CA 91767",https://www.forsalebyowner.com/listing/_/640bf4ac198106d42403c725,528 E. Grove,Pomona,91767,CA,766990,2.5,3,
"528 E. Grove Pomona, CA 91767",https://www.forsalebyowner.com/listing/_/640bf4ad17ba66e8100bc324,528 E. Grove,Pomona,91767,CA,785990,3,4,
"528 E. Grove Pomona, CA 91767",https://www.forsalebyowner.com/listing/_/640bf4abc484c6029c00d4a4,528 E. Grove,Pomona,91767,CA,736990,2.5,3,
"20517 Deer Grass Ct Porter Ranch, CA 91326",https://www.forsalebyowner.com/listing/_/640aa70cee43aa3ec20bd434,20517 Deer Grass Ct,Porter Ranch,91326,CA,2399995,5.5,5,
"Coming Soon West Covina, CA 91790",https://www.forsalebyowner.com/listing/_/6407fe279a2c6d3893008b05,Coming Soon,West Covina,91790,CA,604000,2.5,2,
"1158 Poppy Court Montebello, CA 90640",https://www.forsalebyowner.com/listing/_/640407760ee3e0b8cd0d9154,1158 Poppy Court,Montebello,90640,CA,1004990,3.5,4,
"505 Tamarind Way, Unit E West Covina, CA 91791",https://www.forsalebyowner.com/listing/_/63fd6ff3f32e4efee008a654,"505 Tamarind Way, Unit E",West Covina,91791,CA,664990,2.5,2,
"28416 Orange Park Drive Castaic, CA 91384",https://www.forsalebyowner.com/listing/_/63f9831bf104f356db078a36,28416 Orange Park Drive,Castaic,91384,CA,1010540,3,3,
"11707 Toyon Drive Chatsworth, CA 91311",https://www.forsalebyowner.com/listing/_/63f6e0905dfe350f8404cde4,11707 Toyon Drive,Chatsworth,91311,CA,1846188,5.5,5,
"17812 Cirrus Drive Santa Clarita, CA 91350",https://www.forsalebyowner.com/listing/_/63f04899aacc28ec8f030f85,17812 Cirrus Drive,Santa Clarita,91350,CA,820566,2,2,
"28 Primrose Ct Montebello, CA 90640",https://www.forsalebyowner.com/listing/_/63e5bcc465bac3e859069944,28 Primrose Ct,Montebello,90640,CA,2098000,5.5,5,
"45046 West View Drive Lancaster, CA 93536",https://www.forsalebyowner.com/listing/_/63e46a545e03da9e410540b4,45046 West View Drive,Lancaster,93536,CA,515990,2,3,
"18616 Rorimer St La Puente, CA 91744",https://www.forsalebyowner.com/listing/_/63ddd0a3d7d64d2dae0839c6,18616 Rorimer St,La Puente,91744,CA,618990,2.5,2,
"18616 Rorimer St La Puente, CA 91744",https://www.forsalebyowner.com/listing/_/63ddd0a3e2307c7b7809e724,18616 Rorimer St,La Puente,91744,CA,572990,2.5,2,
"1682 W Lexington Lane San Pedro, CA 90732",https://www.forsalebyowner.com/listing/_/63dc7f8ea43ed2bea60ec425,1682 W Lexington Lane,San Pedro,90732,CA,881555,2.5,3,
"1688 W Lexington Lane San Pedro, CA 90732",https://www.forsalebyowner.com/listing/_/63dc7f8ea43ed2bea60ec424,1688 W Lexington Lane,San Pedro,90732,CA,870710,2.5,3,
"27359 Dialogue Way Valencia, CA 91381",https://www.forsalebyowner.com/listing/_/63d89319bd825703d00e1807,27359 Dialogue Way,Valencia,91381,CA,1576995,5.5,5,
"27355 Dialogue Way Valencia, CA 91381",https://www.forsalebyowner.com/listing/_/63d89317bd825703d00e1806,27355 Dialogue Way,Valencia,91381,CA,1681995,4.5,5,
"27812 Marquee Dr. Valencia, CA 91355",https://www.forsalebyowner.com/listing/_/63abbe916692386035090388,27812 Marquee Dr.,Valencia,91355,CA,1164105,3,4,
"Plaza del Amo & S. Western Avenue Torrance, CA 90501",https://www.forsalebyowner.com/listing/_/6398185b6d5d90ef28058db5,Plaza del Amo & S. Western Avenue,Torrance,90501,CA,829990,2.5,3,
"Plaza del Amo & S. Western Avenue Torrance, CA 90501",https://www.forsalebyowner.com/listing/_/639818aae4676a50fd0533c5,Plaza del Amo & S. Western Avenue,Torrance,90501,CA,779990,2.5,3,
"1651 E Rowland Ave West Covina, CA 91791",https://www.forsalebyowner.com/listing/_/638eb277cda62f81550ef944,1651 E Rowland Ave,West Covina,91791,CA,664990,2.5,2,
"1651 E Rowland Ave West Covina, CA 91791",https://www.forsalebyowner.com/listing/_/638eb27997a0eeb2e409e164,1651 E Rowland Ave,West Covina,91791,CA,664990,2.5,2,
"1651 E Rowland Ave West Covina, CA 91791",https://www.forsalebyowner.com/listing/_/638eb2a034a383085d0f5714,1651 E Rowland Ave,West Covina,91791,CA,664990,2.5,2,
"1651 E Rowland Ave West Covina, CA 91791",https://www.forsalebyowner.com/listing/_/638eb29ed041efec4b0e6b16,1651 E Rowland Ave,West Covina,91791,CA,769990,3.5,3,
"1651 E Rowland Ave West Covina, CA 91791",https://www.forsalebyowner.com/listing/_/638eb2a4c1bd839d1f007a06,1651 E Rowland Ave,West Covina,91791,CA,739990,2.5,2,
"1651 E Rowland Ave West Covina, CA 91791",https://www.forsalebyowner.com/listing/_/638eb298d041efec4b0e6b14,1651 E Rowland Ave,West Covina,91791,CA,924990,3,4,
"1651 E Rowland Ave West Covina, CA 91791",https://www.forsalebyowner.com/listing/_/638eb29b8a54e3ac120fa824,1651 E Rowland Ave,West Covina,91791,CA,876990,2.5,3,
"1651 E Rowland Ave West Covina, CA 91791",https://www.forsalebyowner.com/listing/_/638eb2a14225e34ae00221f4,1651 E Rowland Ave,West Covina,91791,CA,819990,2.5,3,
"1651 E Rowland Ave West Covina, CA 91791",https://www.forsalebyowner.com/listing/_/638eb289eaaa10d6a1087fc6,1651 E Rowland Ave,West Covina,91791,CA,924990,3,4,
"1651 E Rowland Ave West Covina, CA 91791",https://www.forsalebyowner.com/listing/_/638eb28a69ba081eab0773b5,1651 E Rowland Ave,West Covina,91791,CA,876990,2.5,3,
"27517 Evergreen Pl. San Pedro, CA 90732",https://www.forsalebyowner.com/listing/_/638ad47f1ea2838a8c038724,27517 Evergreen Pl.,San Pedro,90732,CA,1255000,3,5,
"27529 Evergreen Pl. San Pedro, CA 90732",https://www.forsalebyowner.com/listing/_/638ad57ba0829cfe6c051074,27529 Evergreen Pl.,San Pedro,90732,CA,1412190,3,5,
"27158 Valley Oak Pl. Valencia, CA 91355",https://www.forsalebyowner.com/listing/_/63897e272a063dcccf0f4b44,27158 Valley Oak Pl.,Valencia,91355,CA,659034,3.5,3,
"28706 Wildflower Terrace Castaic, CA 91384",https://www.forsalebyowner.com/listing/_/6388550e0a4d0eb83a07acd6,28706 Wildflower Terrace,Castaic,91384,CA,1057176,3,3,
"16424 Whittier Blvd Whittier, CA 90603",https://www.forsalebyowner.com/listing/_/6386ca8d6d967d0bdb0c5554,16424 Whittier Blvd,Whittier,90603,CA,799990,2.5,3,
"2105 Cork Oak St Palmdale, CA 93551",https://www.forsalebyowner.com/listing/_/637cc673902068b7e20dcb04,2105 Cork Oak St,Palmdale,93551,CA,699990,3,4,
"27730 Marquee Dr. Valencia, CA 91355",https://www.forsalebyowner.com/listing/_/6377c492af06cdb3a60996da,27730 Marquee Dr.,Valencia,91355,CA,1208744,3,4,
"W. Avenue I and 90th St. W Lancaster, CA 93536",https://www.forsalebyowner.com/listing/_/6377a70892b0bc5c74076279,W. Avenue I and 90th St. W,Lancaster,93536,CA,540000,2,4,
"W. Avenue I and 90th St. W Lancaster, CA 93536",https://www.forsalebyowner.com/listing/_/6377a6bd14fcfc7b100106c9,W. Avenue I and 90th St. W,Lancaster,93536,CA,508000,2,3,
"W. Avenue I and 90th St. W Lancaster, CA 93536",https://www.forsalebyowner.com/listing/_/6377a7b9e6c738b897067036,W. Avenue I and 90th St. W,Lancaster,93536,CA,501000,2,3,
"1651 Rosewell Road West Covina, CA 91791",https://www.forsalebyowner.com/listing/_/637789b3113c199c66091955,1651 Rosewell Road,West Covina,91791,CA,889990,2.5,3,
"27706 Marquee Dr. Valencia, CA 91381",https://www.forsalebyowner.com/listing/_/636a11dce42d93384809b884,27706 Marquee Dr.,Valencia,91381,CA,1154990,2.5,4,
"2017 Dewdrop Upland, CA 91786",https://www.forsalebyowner.com/listing/_/635b471f5c3e689b3f007955,2017 Dewdrop,Upland,91786,CA,739600,3,4,
"2017 Dewdrop Upland, CA 91786",https://www.forsalebyowner.com/listing/_/635b471be10f728e93091404,2017 Dewdrop,Upland,91786,CA,694100,2.5,3,
"2179 Willow Wisp Dr Upland, CA 91786",https://www.forsalebyowner.com/listing/_/635b471e0851a8502a05cf85,2179 Willow Wisp Dr,Upland,91786,CA,605990,3,3,
"2179 Willow Wisp Dr Upland, CA 91786",https://www.forsalebyowner.com/listing/_/635b471b1bafffa595046ee5,2179 Willow Wisp Dr,Upland,91786,CA,586990,2.5,3,
"2179 Willow Wisp Dr Upland, CA 91786",https://www.forsalebyowner.com/listing/_/635b471a16d3f2aa770ee715,2179 Willow Wisp Dr,Upland,91786,CA,636490,4,4,
"11834 N Churchill Way Porter Ranch, CA 91326",https://www.forsalebyowner.com/listing/_/643e1154e7c312ac3f03a474,11834 N Churchill Way,Porter Ranch,91326,CA,2484995,5.5,5,
"11842 N Churchill Way Porter Ranch, CA 91326",https://www.forsalebyowner.com/listing/_/643e11539633892cc900df84,11842 N Churchill Way,Porter Ranch,91326,CA,2612995,5.5,5,
"27627 Dayton Ave. San Pedro, CA 90732",https://www.forsalebyowner.com/listing/_/635abc8adba3e9c38d00c6d4,27627 Dayton Ave.,San Pedro,90732,CA,1447253,3,5,
"3057 Carrizo Drive Pomona, CA 91767",https://www.forsalebyowner.com/listing/_/643e0d28743f1ef86b0df404,3057 Carrizo Drive,Pomona,91767,CA,785990,3,4,
"3061 Carrizo Drive Pomona, CA 91767",https://www.forsalebyowner.com/listing/_/643e0d266fec074f7f010124,3061 Carrizo Drive,Pomona,91767,CA,766990,2.5,3,
"3074 Acebo Drive Pomona, CA 91767",https://www.forsalebyowner.com/listing/_/643e0d25ea917a31d10f93b4,3074 Acebo Drive,Pomona,91767,CA,736990,2.5,3,
"27523 Dayton Ave. San Pedro, CA 90732",https://www.forsalebyowner.com/listing/_/6358a84f2b42ddbdf60c4704,27523 Dayton Ave.,San Pedro,90732,CA,1355190,3,5,
"955 Poppy Ct Montebello, CA 90640",https://www.forsalebyowner.com/listing/_/63575287d2622151280772d7,955 Poppy Ct,Montebello,90640,CA,1304990,4,4,
"955 Poppy Ct Montebello, CA 90640",https://www.forsalebyowner.com/listing/_/63575288003eb54753086868,955 Poppy Ct,Montebello,90640,CA,1304989,4,4,
"955 Poppy Ct Montebello, CA 90640",https://www.forsalebyowner.com/listing/_/635752803fba77a12d02225a,955 Poppy Ct,Montebello,90640,CA,1304990,4,4,
"955 Poppy Ct Montebello, CA 90640",https://www.forsalebyowner.com/listing/_/635752852599b98bfe0a1f7b,955 Poppy Ct,Montebello,90640,CA,1304990,4,4,
"955 Poppy Ct Montebello, CA 90640",https://www.forsalebyowner.com/listing/_/635752803fba77a12d022259,955 Poppy Ct,Montebello,90640,CA,1264989,3.5,4,
"955 Poppy Ct Montebello, CA 90640",https://www.forsalebyowner.com/listing/_/635752803fba77a12d022257,955 Poppy Ct,Montebello,90640,CA,1264990,3.5,4,
"955 Poppy Ct Montebello, CA 90640",https://www.forsalebyowner.com/listing/_/63575286d2622151280772d6,955 Poppy Ct,Montebello,90640,CA,1264990,3.5,4,
"955 Poppy Ct Montebello, CA 90640",https://www.forsalebyowner.com/listing/_/63575284ced8e11d8a0ffd67,955 Poppy Ct,Montebello,90640,CA,1264990,3.5,4,
"955 Poppy Ct Montebello, CA 90640",https://www.forsalebyowner.com/listing/_/63575281367193407706ce69,955 Poppy Ct,Montebello,90640,CA,1304990,4,4,
"955 Poppy Ct Montebello, CA 90640",https://www.forsalebyowner.com/listing/_/63575287367193407706ce6d,955 Poppy Ct,Montebello,90640,CA,1304990,4,4,
"955 Poppy Ct Montebello, CA 90640",https://www.forsalebyowner.com/listing/_/63575283367193407706ce6c,955 Poppy Ct,Montebello,90640,CA,1274990,3.5,4,
"955 Poppy Ct Montebello, CA 90640",https://www.forsalebyowner.com/listing/_/63575285003eb54753086867,955 Poppy Ct,Montebello,90640,CA,1274990,3.5,4,
"955 Poppy Ct Montebello, CA 90640",https://www.forsalebyowner.com/listing/_/63575283367193407706ce6b,955 Poppy Ct,Montebello,90640,CA,1264990,3.5,4,
"955 Poppy Ct Montebello, CA 90640",https://www.forsalebyowner.com/listing/_/635752893fba77a12d02225c,955 Poppy Ct,Montebello,90640,CA,1264990,3.5,4,
"955 Poppy Ct Montebello, CA 90640",https://www.forsalebyowner.com/listing/_/6357527ec4aea456ea0c6235,955 Poppy Ct,Montebello,90640,CA,829990,2.5,3,
"955 Poppy Ct Montebello, CA 90640",https://www.forsalebyowner.com/listing/_/6357528ccdf9d20e9908af79,955 Poppy Ct,Montebello,90640,CA,789990,2.5,2,
" ,  ",https://www.forsalebyowner.com/listing/_/63575283003eb54753086865,,,,,284823,2,3,
"955 Poppy Ct Montebello, CA 90640",https://www.forsalebyowner.com/listing/_/63575286cdf9d20e9908af77,955 Poppy Ct,Montebello,90640,CA,829990,2.5,3,
"955 Poppy Ct Montebello, CA 90640",https://www.forsalebyowner.com/listing/_/63575289d05ecb2e6400aac4,955 Poppy Ct,Montebello,90640,CA,824990,2.5,2,
"955 Poppy Ct Montebello, CA 90640",https://www.forsalebyowner.com/listing/_/6357528acdf9d20e9908af78,955 Poppy Ct,Montebello,90640,CA,839990,2.5,3,
"955 Poppy Ct Montebello, CA 90640",https://www.forsalebyowner.com/listing/_/635752823fba77a12d02225b,955 Poppy Ct,Montebello,90640,CA,789990,2.5,2,
"955 Poppy Ct Montebello, CA 90640",https://www.forsalebyowner.com/listing/_/63575283d2622151280772d5,955 Poppy Ct,Montebello,90640,CA,1012990,3.5,4,
"955 Poppy Ct Montebello, CA 90640",https://www.forsalebyowner.com/listing/_/635752812599b98bfe0a1f77,955 Poppy Ct,Montebello,90640,CA,1119990,3.5,4,
"955 Poppy Ct Montebello, CA 90640",https://www.forsalebyowner.com/listing/_/63575280cdf9d20e9908af75,955 Poppy Ct,Montebello,90640,CA,1060990,3.5,4,
"955 Poppy Ct Montebello, CA 90640",https://www.forsalebyowner.com/listing/_/63575281cdf9d20e9908af76,955 Poppy Ct,Montebello,90640,CA,1006990,3.5,4,
"955 Poppy Ct Montebello, CA 90640",https://www.forsalebyowner.com/listing/_/635752802599b98bfe0a1f76,955 Poppy Ct,Montebello,90640,CA,1012990,3.5,4,
"28834 Saddle Circle Castaic, CA 91384",https://www.forsalebyowner.com/listing/_/6354b6e1456cfd6426090a68,28834 Saddle Circle,Castaic,91384,CA,1063420,3,4,
"1670 W Lexington Lane San Pedro, CA 90732",https://www.forsalebyowner.com/listing/_/6354bbcbdd619c1a6902c44a,1670 W Lexington Lane,San Pedro,90732,CA,956420,3.5,4,
"27706 Marquee Dr. Valencia, CA 91381",https://www.forsalebyowner.com/listing/_/63395ab72100e176be0420b4,27706 Marquee Dr.,Valencia,91381,CA,1016990,2.5,4,
"28801 Hasley Canyon Road Castaic, CA 91384",https://www.forsalebyowner.com/listing/_/63201db99245562b2c0487b4,28801 Hasley Canyon Road,Castaic,91384,CA,1184420,4,4,
"28801 Hasley Canyon Road Castaic, CA 91384",https://www.forsalebyowner.com/listing/_/63201d5b771d14d2300745f5,28801 Hasley Canyon Road,Castaic,91384,CA,1063430,3.5,4,
"23791 Orange Blossom Dr. Santa Clarita, CA 91321",https://www.forsalebyowner.com/listing/_/631025625bebf8abe60b91e4,23791 Orange Blossom Dr.,Santa Clarita,91321,CA,824490,2.5,3,
"23791 Orange Blossom Dr. Santa Clarita, CA 91321",https://www.forsalebyowner.com/listing/_/631022260a3451f4080d09f4,23791 Orange Blossom Dr.,Santa Clarita,91321,CA,885990,3,5,
"23791 Orange Blossom Dr. Santa Clarita, CA 91321",https://www.forsalebyowner.com/listing/_/631022468be4fe19ed0e1984,23791 Orange Blossom Dr.,Santa Clarita,91321,CA,852490,2.5,3,
" Culver City, CA 90232",https://www.forsalebyowner.com/listing/_/630ed913fb0b23649f07de04,,Culver City,90232,CA,1667752,4.5,4,
" Culver City, CA 90232",https://www.forsalebyowner.com/listing/_/630ed901024442f64b02d514,,Culver City,90232,CA,1353877,3,4,
"942 E Wonder Lane Glendora, CA 91740",https://www.forsalebyowner.com/listing/_/630443ea22d77c25500066f4,942 E Wonder Lane,Glendora,91740,CA,849990,2.5,3,
"4343 Live Oak Ave. Arcadia, CA 91006",https://www.forsalebyowner.com/listing/_/62ef4cfb34ee351a0d0279e4,4343 Live Oak Ave.,Arcadia,91006,CA,963990,3.5,4,
"4343 Live Oak Ave. Arcadia, CA 91006",https://www.forsalebyowner.com/listing/_/62ef4cf990c9b655ef013bb4,4343 Live Oak Ave.,Arcadia,91006,CA,776925,2.5,2,
"3664 Saddleback Drive Palmdale, CA 93550",https://www.forsalebyowner.com/listing/_/62e2435ee82444258301b3a4,3664 Saddleback Drive,Palmdale,93550,CA,588990,2,3,
"3664 Saddleback Drive Palmdale, CA 93550",https://www.forsalebyowner.com/listing/_/62e24360e82444258301b3a5,3664 Saddleback Drive,Palmdale,93550,CA,661990,3,4,
"3664 Saddleback Drive Palmdale, CA 93550",https://www.forsalebyowner.com/listing/_/62e24361e82444258301b3a6,3664 Saddleback Drive,Palmdale,93550,CA,657988,3,3,
"3664 Saddleback Drive Palmdale, CA 93550",https://www.forsalebyowner.com/listing/_/62e2435f708aec975e0690e4,3664 Saddleback Drive,Palmdale,93550,CA,619990,2,3,
"2105 Cork Oak St Palmdale, CA 93551",https://www.forsalebyowner.com/listing/_/62da182d6b58d30fcf08dcb4,2105 Cork Oak St,Palmdale,93551,CA,729990,3,4,
"2105 Cork Oak St Palmdale, CA 93551",https://www.forsalebyowner.com/listing/_/62da182e721e5e98f0033934,2105 Cork Oak St,Palmdale,93551,CA,799990,2.5,3,
"2105 Cork Oak St Palmdale, CA 93551",https://www.forsalebyowner.com/listing/_/62da182917fbc308610be906,2105 Cork Oak St,Palmdale,93551,CA,679990,2,3,
"1254 Bonnet Way Torrance, CA 90501",https://www.forsalebyowner.com/listing/_/62d12a7e17b9356a5605dd86,1254 Bonnet Way,Torrance,90501,CA,892147,3.5,4,
"27719 Scenery Ln. Valencia, CA 91381",https://www.forsalebyowner.com/listing/_/62cfa79b266449ae2f05ab75,27719 Scenery Ln.,Valencia,91381,CA,743990,2.5,3,
"27719 Scenery Ln. Valencia, CA 91381",https://www.forsalebyowner.com/listing/_/62cfa7945cd4f6751b0f79e5,27719 Scenery Ln.,Valencia,91381,CA,709490,2.5,3,
"27719 Scenery Ln. Valencia, CA 91381",https://www.forsalebyowner.com/listing/_/62c8f3e39147aadd2e05ef04,27719 Scenery Ln.,Valencia,91381,CA,778990,2.5,3,
"28801 Hasley Canyon Road Castaic, CA 91384",https://www.forsalebyowner.com/listing/_/62b53ce7d162e483e10c7186,28801 Hasley Canyon Road,Castaic,91384,CA,1515791,5.5,5,
"28801 Hasley Canyon Road Castaic, CA 91384",https://www.forsalebyowner.com/listing/_/62b53d5ca824663da30a20f4,28801 Hasley Canyon Road,Castaic,91384,CA,1325190,4.5,5,
"28801 Hasley Canyon Road Castaic, CA 91384",https://www.forsalebyowner.com/listing/_/62b53d6bcff0124e02051764,28801 Hasley Canyon Road,Castaic,91384,CA,1080860,2.5,3,
"28801 Hasley Canyon Road Castaic, CA 91384",https://www.forsalebyowner.com/listing/_/62b53d3755d2a171d904d426,28801 Hasley Canyon Road,Castaic,91384,CA,1276940,3.5,4,
"28801 Hasley Canyon Road Castaic, CA 91384",https://www.forsalebyowner.com/listing/_/62b53d0c29dd3d9a480f1375,28801 Hasley Canyon Road,Castaic,91384,CA,1188459,3,4,
"28801 Hasley Canyon Road Castaic, CA 91384",https://www.forsalebyowner.com/listing/_/62b53dbff40ee37e6001c667,28801 Hasley Canyon Road,Castaic,91384,CA,962860,2.5,3,
"28801 Hasley Canyon Road Castaic, CA 91384",https://www.forsalebyowner.com/listing/_/62b53d56f40ee37e6001c665,28801 Hasley Canyon Road,Castaic,91384,CA,1044796,3,3,
"28801 Hasley Canyon Road Castaic, CA 91384",https://www.forsalebyowner.com/listing/_/62b53cddd162e483e10c7185,28801 Hasley Canyon Road,Castaic,91384,CA,1010540,3,3,
"28801 Hasley Canyon Road Castaic, CA 91384",https://www.forsalebyowner.com/listing/_/62b53e2a5331f5743c0722d5,28801 Hasley Canyon Road,Castaic,91384,CA,952049,2.5,3,
"28801 Hasley Canyon Road Castaic, CA 91384",https://www.forsalebyowner.com/listing/_/62b53e8063dc52b1800c46d6,28801 Hasley Canyon Road,Castaic,91384,CA,976443,2,3,
"685 Alder Way Montebello, CA 90640",https://www.forsalebyowner.com/listing/_/62997e8f3d83e356065b4155,685 Alder Way,Montebello,90640,CA,2031000,6.5,5,
"685 Alder Way Montebello, CA 90640",https://www.forsalebyowner.com/listing/_/62997e842f26a46e791b0074,685 Alder Way,Montebello,90640,CA,2776000,5.5,5,
"685 Alder Way Montebello, CA 90640",https://www.forsalebyowner.com/listing/_/62997e8d7ade84298710da43,685 Alder Way,Montebello,90640,CA,2030000,6.5,5,
"685 Alder Way Montebello, CA 90640",https://www.forsalebyowner.com/listing/_/62997e8f9e43cb04850775e3,685 Alder Way,Montebello,90640,CA,1918000,6.5,5,
"685 Alder Way Montebello, CA 90640",https://www.forsalebyowner.com/listing/_/62997e88c0b725539e2b1b24,685 Alder Way,Montebello,90640,CA,1941000,5,5,
"685 Alder Way Montebello, CA 90640",https://www.forsalebyowner.com/listing/_/62997e87eded7e6a5d758473,685 Alder Way,Montebello,90640,CA,1835000,5,5,
"39 S. Robles Pasadena, CA 91101",https://www.forsalebyowner.com/listing/_/628f31056f0e5705e80d4e43,39 S. Robles,Pasadena,91101,CA,1350000,2.5,2,
"39 S. Robles Pasadena, CA 91101",https://www.forsalebyowner.com/listing/_/628f30e9bda9b04e217d6a34,39 S. Robles,Pasadena,91101,CA,965000,1,1,
"39 S. Robles Pasadena, CA 91101",https://www.forsalebyowner.com/listing/_/628f30e9cef0ff225e75d493,39 S. Robles,Pasadena,91101,CA,2075000,3,3,
"39 S. Robles Pasadena, CA 91101",https://www.forsalebyowner.com/listing/_/628f30e9bb77862114125563,39 S. Robles,Pasadena,91101,CA,925000,1,2,
"16424 Whittier Blvd Whittier, CA 90603",https://www.forsalebyowner.com/listing/_/628706906d8b9a3149587f95,16424 Whittier Blvd,Whittier,90603,CA,757990,4,4,
"16424 Whittier Blvd Whittier, CA 90603",https://www.forsalebyowner.com/listing/_/6287068e6d8b9a3149587f94,16424 Whittier Blvd,Whittier,90603,CA,697990,3,3,
"1331 Reliance Carson, CA 90746",https://www.forsalebyowner.com/listing/_/627c86e33df49e511b533365,1331 Reliance,Carson,90746,CA,772990,3.5,3,
"1331 Reliance Carson, CA 90746",https://www.forsalebyowner.com/listing/_/627c86e3eb96997d7756bd74,1331 Reliance,Carson,90746,CA,784990,3.5,4,
"1331 Reliance Carson, CA 90746",https://www.forsalebyowner.com/listing/_/627c86a8c437e6073b4c0e13,1331 Reliance,Carson,90746,CA,712990,2.5,3,
"1331 Reliance Carson, CA 90746",https://www.forsalebyowner.com/listing/_/627c86e23df49e511b533364,1331 Reliance,Carson,90746,CA,661990,2.5,2,
"1331 Reliance Carson, CA 90746",https://www.forsalebyowner.com/listing/_/627c867a49718b21896ecf83,1331 Reliance,Carson,90746,CA,772990,3.5,3,
"1331 Reliance Carson, CA 90746",https://www.forsalebyowner.com/listing/_/627c86e05c9c822bd87d9073,1331 Reliance,Carson,90746,CA,725990,2.5,3,
"1331 Reliance Carson, CA 90746",https://www.forsalebyowner.com/listing/_/627c86df3df49e511b533363,1331 Reliance,Carson,90746,CA,731990,3.5,3,
"1331 Reliance Carson, CA 90746",https://www.forsalebyowner.com/listing/_/627c86e1eb96997d7756bd73,1331 Reliance,Carson,90746,CA,655990,2.5,2,
"43896 Hampton Street Lancaster, CA 93536",https://www.forsalebyowner.com/listing/_/625b83bed82ea00d5823f1c3,43896 Hampton Street,Lancaster,93536,CA,591990,2.5,4,
"43896 Hampton Street Lancaster, CA 93536",https://www.forsalebyowner.com/listing/_/625b83bed2d85878d95acb24,43896 Hampton Street,Lancaster,93536,CA,547990,2.5,3,
"43896 Hampton Street Lancaster, CA 93536",https://www.forsalebyowner.com/listing/_/625b83bed2d85878d95acb26,43896 Hampton Street,Lancaster,93536,CA,517990,2,3,
"43896 Hampton Street Lancaster, CA 93536",https://www.forsalebyowner.com/listing/_/625b83bfd82ea00d5823f1c4,43896 Hampton Street,Lancaster,93536,CA,507990,2,3,
"27064 Tanager Lane Valencia, CA 91381",https://www.forsalebyowner.com/listing/_/62354b47b2366417dd1fce83,27064 Tanager Lane,Valencia,91381,CA,583560,2.5,2,
"27064 Tanager Lane Valencia, CA 91381",https://www.forsalebyowner.com/listing/_/62354b4734bd85362e73f013,27064 Tanager Lane,Valencia,91381,CA,651330,3.5,3,
"27064 Tanager Lane Valencia, CA 91381",https://www.forsalebyowner.com/listing/_/62354b48b2366417dd1fce84,27064 Tanager Lane,Valencia,91381,CA,649630,3.5,3,
"27064 Tanager Lane Valencia, CA 91381",https://www.forsalebyowner.com/listing/_/62354b4834bd85362e73f014,27064 Tanager Lane,Valencia,91381,CA,687505,3.5,3,
"1676 W Lexington Lane San Pedro, CA 90732",https://www.forsalebyowner.com/listing/_/62296d4355d0be4a534257df,1676 W Lexington Lane,San Pedro,90732,CA,875130,2.5,3,
"1580 Brasada Lane San Dimas, CA 91773",https://www.forsalebyowner.com/listing/_/6224292abbfae470ca291253,1580 Brasada Lane,San Dimas,91773,CA,3700000,4.5,4,
"1580 Brasada Lane San Dimas, CA 91773",https://www.forsalebyowner.com/listing/_/622428fd67b0b41a0b6a33a3,1580 Brasada Lane,San Dimas,91773,CA,3900000,5.5,5,
"1580 Brasada Lane San Dimas, CA 91773",https://www.forsalebyowner.com/listing/_/622428fe61802715da785843,1580 Brasada Lane,San Dimas,91773,CA,3900000,5.5,5,
"1580 Brasada Lane San Dimas, CA 91773",https://www.forsalebyowner.com/listing/_/6224292110882c76f74ce493,1580 Brasada Lane,San Dimas,91773,CA,3700000,4.5,4,
"1580 Brasada Lane San Dimas, CA 91773",https://www.forsalebyowner.com/listing/_/6224290961802715da785844,1580 Brasada Lane,San Dimas,91773,CA,3900000,4.5,4,
"1580 Brasada Lane San Dimas, CA 91773",https://www.forsalebyowner.com/listing/_/622429087a79f83a22770033,1580 Brasada Lane,San Dimas,91773,CA,3800000,4.5,5,
"27783 Reel Ln Valencia, CA 91381",https://www.forsalebyowner.com/listing/_/61fb5676172b620b3d4670ab,27783 Reel Ln,Valencia,91381,CA,1576995,5.5,5,
"27783 Reel Ln Valencia, CA 91381",https://www.forsalebyowner.com/listing/_/61fb5676172b620b3d4670ad,27783 Reel Ln,Valencia,91381,CA,1596995,4.5,5,
"27783 Reel Ln Valencia, CA 91381",https://www.forsalebyowner.com/listing/_/61fb5675172b620b3d4670a9,27783 Reel Ln,Valencia,91381,CA,1527995,4.5,5,
"26855 Goldfinch Lane Valencia, CA 91381",https://www.forsalebyowner.com/listing/_/61fb544a8aed240098171bf5,26855 Goldfinch Lane,Valencia,91381,CA,648946,2,3,
"26855 Goldfinch Lane Valencia, CA 91381",https://www.forsalebyowner.com/listing/_/61fb544e8aed240098171bf6,26855 Goldfinch Lane,Valencia,91381,CA,782627,2.5,3,
"26855 Goldfinch Lane Valencia, CA 91381",https://www.forsalebyowner.com/listing/_/61fb545f162f2a39303afa21,26855 Goldfinch Lane,Valencia,91381,CA,864317,3.5,4,
"17900 Scrubjay Way Santa Clarita, CA 91350",https://www.forsalebyowner.com/listing/_/61fb5456fd08e02cae0b09a1,17900 Scrubjay Way,Santa Clarita,91350,CA,762045,2,2,
"17900 Scrubjay Way Santa Clarita, CA 91350",https://www.forsalebyowner.com/listing/_/61fb5453fd08e02cae0b09a0,17900 Scrubjay Way,Santa Clarita,91350,CA,788885,2,2,
"17900 Scrubjay Way Santa Clarita, CA 91350",https://www.forsalebyowner.com/listing/_/61fb544a75e1b42c495c652e,17900 Scrubjay Way,Santa Clarita,91350,CA,839315,2.5,2,
"17900 Scrubjay Way Santa Clarita, CA 91350",https://www.forsalebyowner.com/listing/_/61fb544a75e1b42c495c6530,17900 Scrubjay Way,Santa Clarita,91350,CA,800000,2.5,2,
"17900 Scrubjay Way Santa Clarita, CA 91350",https://www.forsalebyowner.com/listing/_/61fb544a75e1b42c495c652f,17900 Scrubjay Way,Santa Clarita,91350,CA,957262,2.5,2,
"17900 Scrubjay Way Santa Clarita, CA 91350",https://www.forsalebyowner.com/listing/_/61fb544a75e1b42c495c6531,17900 Scrubjay Way,Santa Clarita,91350,CA,900000,3,3,
"28709 Plume Way Santa Clarita, CA 91350",https://www.forsalebyowner.com/listing/_/61fb54572efeef17754b86c6,28709 Plume Way,Santa Clarita,91350,CA,942595,2.5,4,
"28709 Plume Way Santa Clarita, CA 91350",https://www.forsalebyowner.com/listing/_/61fb544c162f2a39303afa20,28709 Plume Way,Santa Clarita,91350,CA,981053,2.5,4,
"28709 Plume Way Santa Clarita, CA 91350",https://www.forsalebyowner.com/listing/_/61fb5454083a074eeb30803d,28709 Plume Way,Santa Clarita,91350,CA,1074148,3.5,4,
"1623 W. Enterprise Drive San Pedro, CA 90732",https://www.forsalebyowner.com/listing/_/61fb48ece4d8e73f67341a7f,1623 W. Enterprise Drive,San Pedro,90732,CA,949040,3.5,4,
"1623 W. Enterprise Drive San Pedro, CA 90732",https://www.forsalebyowner.com/listing/_/61fb48ee79cbee643e416817,1623 W. Enterprise Drive,San Pedro,90732,CA,881555,2.5,3,
"1623 W. Enterprise Drive San Pedro, CA 90732",https://www.forsalebyowner.com/listing/_/61fb48ed27c7de7a0f35b8c5,1623 W. Enterprise Drive,San Pedro,90732,CA,870710,2.5,3,
"511 Colby Cir Claremont, CA 91711",https://www.forsalebyowner.com/listing/_/63560480ce511d71ee0958e4,511 Colby Cir,Claremont,91711,CA,819990,3.5,3,
"27105 White Sage Court Valencia, CA 91381",https://www.forsalebyowner.com/listing/_/61fb47089a8198593e0aeedb,27105 White Sage Court,Valencia,91381,CA,789990,3,4,
"27105 White Sage Court Valencia, CA 91381",https://www.forsalebyowner.com/listing/_/61fb470a4544793b5f6f56a5,27105 White Sage Court,Valencia,91381,CA,747990,2.5,3,
"27105 White Sage Court Valencia, CA 91381",https://www.forsalebyowner.com/listing/_/61fb47089a8198593e0aeeda,27105 White Sage Court,Valencia,91381,CA,693990,2.5,3,
"27105 White Sage Court Valencia, CA 91381",https://www.forsalebyowner.com/listing/_/61fb47089a8198593e0aeed9,27105 White Sage Court,Valencia,91381,CA,688990,3,3,
"27719 Scenery Ln. Valencia, CA 91381",https://www.forsalebyowner.com/listing/_/62cfa93858ffcb7c8a0bdc99,27719 Scenery Ln.,Valencia,91381,CA,796490,2.5,3,
"11800 Tudor Ct Porter Ranch, CA 91326",https://www.forsalebyowner.com/listing/_/63c8c0dc917c253b56008a18,11800 Tudor Ct,Porter Ranch,91326,CA,2521995,5.5,5,
"11800 Tudor Ct Porter Ranch, CA 91326",https://www.forsalebyowner.com/listing/_/63c8c0dc917c253b56008a17,11800 Tudor Ct,Porter Ranch,91326,CA,2519995,5.5,5,
"20422 Marlow Ln Porter Ranch, CA 91326",https://www.forsalebyowner.com/listing/_/63c8c0cf0afd18da8c0b7418,20422 Marlow Ln,Porter Ranch,91326,CA,2437995,5.5,5,
"20422 Marlow Ln Porter Ranch, CA 91326",https://www.forsalebyowner.com/listing/_/63c8c0cf0afd18da8c0b7419,20422 Marlow Ln,Porter Ranch,91326,CA,2438995,5.5,5,
"20422 Marlow Ln Porter Ranch, CA 91326",https://www.forsalebyowner.com/listing/_/645c63b19e0762626a0ec644,20422 Marlow Ln,Porter Ranch,91326,CA,3324995,5.5,5,
"20422 Marlow Ln Porter Ranch, CA 91326",https://www.forsalebyowner.com/listing/_/64001a600037b08cbe0ef264,20422 Marlow Ln,Porter Ranch,91326,CA,2637995,5.5,5,
"13633 S. Vermont Ave. Gardena, CA 90247",https://www.forsalebyowner.com/listing/_/63c8c0ba22265615530379d6,13633 S. Vermont Ave.,Gardena,90247,CA,755000,3.5,3,
"13633 S. Vermont Ave. Gardena, CA 90247",https://www.forsalebyowner.com/listing/_/63c8c0b6eeff302ab70e4406,13633 S. Vermont Ave.,Gardena,90247,CA,740000,3.5,3,
"13633 S. Vermont Ave. Gardena, CA 90247",https://www.forsalebyowner.com/listing/_/63c8c0b73bff09b6b7097a28,13633 S. Vermont Ave.,Gardena,90247,CA,730000,2.5,3,
"13633 S. Vermont Ave. Gardena, CA 90247",https://www.forsalebyowner.com/listing/_/63c8c0b722265615530379d5,13633 S. Vermont Ave.,Gardena,90247,CA,705000,2.5,2,
" Culver City, CA 90232",https://www.forsalebyowner.com/listing/_/63c8c03c180e36e6800bbc94,,Culver City,90232,CA,1534700,4,5,
" Culver City, CA 90232",https://www.forsalebyowner.com/listing/_/63c8c03c180e36e6800bbc95,,Culver City,90232,CA,1832200,5.5,5,
" Culver City, CA 90232",https://www.forsalebyowner.com/listing/_/63c8c03d2579c5c8930d8816,,Culver City,90232,CA,1182600,3,4,
" Culver City, CA 90232",https://www.forsalebyowner.com/listing/_/63c8c03cb8805b37730e81d4,,Culver City,90232,CA,1576900,4,5,
" Culver City, CA 90232",https://www.forsalebyowner.com/listing/_/63c8c03da39514f5650a706f,,Culver City,90232,CA,1671700,5.5,5,
" Culver City, CA 90232",https://www.forsalebyowner.com/listing/_/63c8c03c68fdc90a340dfaae,,Culver City,90232,CA,1500400,4,4,
" Culver City, CA 90232",https://www.forsalebyowner.com/listing/_/63c8c03ba39514f5650a706e,,Culver City,90232,CA,1765900,5.5,5,
"1758 EAST Holguin St Lancaster, CA 93535",https://www.forsalebyowner.com/listing/_/63c8bfab29de6d583600dfd2,1758 EAST Holguin St,Lancaster,93535,CA,557990,3,5,
"1758 EAST Holguin St Lancaster, CA 93535",https://www.forsalebyowner.com/listing/_/63c8bfaa29de6d583600dfc7,1758 EAST Holguin St,Lancaster,93535,CA,513990,2,3,
"1758 EAST Holguin St Lancaster, CA 93535",https://www.forsalebyowner.com/listing/_/63c8bfa80e1e583276020c5b,1758 EAST Holguin St,Lancaster,93535,CA,499990,2,3,
"1758 EAST Holguin St Lancaster, CA 93535",https://www.forsalebyowner.com/listing/_/63c8bfa88d3b0aa5a705e457,1758 EAST Holguin St,Lancaster,93535,CA,522990,2,3,
"28801 Hasley Canyon Road Castaic, CA 91384",https://www.forsalebyowner.com/listing/_/63eef5ca54ebedd3a204f4d4,28801 Hasley Canyon Road,Castaic,91384,CA,1556202,4.5,4,
"39 S. Robles Pasadena, CA 91101",https://www.forsalebyowner.com/listing/_/63c8c107f00c43409c081515,39 S. Robles,Pasadena,91101,CA,795000,1,1,
"27711 S. Windward Way San Pedro, CA 90732",https://www.forsalebyowner.com/listing/_/63c8ba5e57f8608ce204a2f8,27711 S. Windward Way,San Pedro,90732,CA,987000,3.5,4,
"27711 S. Windward Way San Pedro, CA 90732",https://www.forsalebyowner.com/listing/_/63c8ba5d40cadfa26300c334,27711 S. Windward Way,San Pedro,90732,CA,942000,3.5,4,
"27711 S. Windward Way San Pedro, CA 90732",https://www.forsalebyowner.com/listing/_/63c8ba5dbc76f61f400b2d3a,27711 S. Windward Way,San Pedro,90732,CA,917000,3.5,3,
"27711 S. Windward Way San Pedro, CA 90732",https://www.forsalebyowner.com/listing/_/63c8ba5dbc76f61f400b2d38,27711 S. Windward Way,San Pedro,90732,CA,932000,2.5,3,
